,email,link
0,,
1,info@walkerstours.com,https://www.walkerstours.com/sitemap.html
2,customerservice@bookmundi.com,https://www.bookmundi.com/deals
3,customerservice@hostelworld.com,https://www.bookmundi.com/info/security-and-privacy-policy
4,sales@emarketingeye.com,https://www.emarketingeye.com/
5,username@domain_name.com,https://www.emarketingeye.com/
6,info@bookmundi.com,https://www.bookmundi.com/blog/
7,8ca50a25374f408699e0eda3eb47e7f9@errors.stripe,https://stripe.com/en-dk
8,info@stripe.com,https://stripe.com/en-dk
9,john@example.com,https://stripe.com/en-dk
10,ziganshina@admitad.com,https://www.bookmundi.com/become-affiliate
11,flickr@2x.png,https://www.pinterest.com/bookmundi/
12,china@olankatravels.com,https://www.google.lk/search?q=olanka+travels&rlz=1C1ASVA_enLK724LK724&oq=olan&aqs=chrome.3.69i60l3j69i59l2j0.3335j0j4&sourceid=chrome&ie=UTF-8
13,info@olankatravels.com,http://www.olankatravelsmaldives.com/
14,info@olankatravels.cn,http://www.olankatravelsmaldives.com/
15,info@olankatravels.co,http://www.olankatravelsmaldives.com/
16,ravi@olankatravels.com,https://www.olankatravels.com/investors/
17,careers@olankatravels.com,https://www.olankatravels.com/careers/
18,farizabdeen@yahoo.com,https://www.tripadvisor.com/ShowTopic-g293961-i8983-k12942646-Un_chauffeur_francophone_au_top-Sri_Lanka.html
19,ilan@gmail.com,https://www.tripadvisor.com/ShowTopic-g293961-i8983-k4452025-o10-Best_tour_companies_in_Sri_Lanka-Sri_Lanka.html
20,kandytours@gmail.com,https://www.tripadvisor.com/ShowTopic-g293961-i8983-k4452025-o10-Best_tour_companies_in_Sri_Lanka-Sri_Lanka.html
21,support@diziana.com,https://www.tripadvisorsupport.com/hc/en-us/articles/200613617
22,u002Ftrip_logo_footer@2x.png,https://www.tripadvisor.com/
23,demin@ceylanvacations.com,https://www.tripadvisor.com/LastMinute-g293961-Sri_Lanka-Hotels.html
24,connect@artravele.com,https://www.artravele.com/
25,info@artravele.com,https://www.artravele.com/
